person_id,id,Name,Character,Role,Imdb_id
3748,ET0803687,Robert De Niro,Travis Bickle,ACTOR,7569094338
14658,ET0803687,Jodie Foster,Iris Steensma,ACTOR,7569094338
7064,ET0803687,Albert Brooks,Tom,ACTOR,7569094338
3739,ET0803687,Harvey Keitel,Matthew Sport Higgins,ACTOR,7569094338
48933,ET0803687,Cybill Shepherd,Betsy,ACTOR,7569094338
32267,ET0803687,Peter Boyle,Wizard,ACTOR,7569094338
519612,ET0803687,Leonard Harris,Senator Charles Palantine,ACTOR,7569094338
29068,ET0803687,Diahnne Abbott,Concession Girl,ACTOR,7569094338
519613,ET0803687,Gino Ardito,Policeman at Rally,ACTOR,7569094338
3308,ET0803687,Martin Scorsese,Passenger Watching Silhouette,ACTOR,7569094338
43791,ET0803687,Murray Moston,Iris Time Keeper,ACTOR,7569094338
519614,ET0803687,Richard Higgs,Secret Service Agent,ACTOR,7569094338
519615,ET0803687,Bill Minkin,Toms Assistant (uncredited),ACTOR,7569094338
82426,ET0803687,Bob Maroff,Mafioso (uncredited),ACTOR,7569094338
7753,ET0803687,Joe Spinell,Personell Officer,ACTOR,7569094338
43279,ET0803687,Robinson Frank Adu,Angry Black Man (uncredited),ACTOR,7569094338
519616,ET0803687,Brenda Dickson,Soap Opera Woman (uncredited),ACTOR,7569094338
8424,ET0803687,Norman Matlock,Charlie T,ACTOR,7569094338
20447,ET0803687,Harry Northup,Doughboy,ACTOR,7569094338
519618,ET0803687,Harlan Cary Poe,Campaign Worker (uncredited),ACTOR,7569094338
49567,ET0803687,Steven Prince,Andy - Gun Salesman,ACTOR,7569094338
15551,ET0803687,Peter Savage,The John,ACTOR,7569094338
475303,ET0803687,Nicholas Shields,Palantines Aide (uncredited),ACTOR,7569094338
43540,ET0803687,Ralph S. Singleton,T.V. Interviewer (uncredited),ACTOR,7569094338
466061,ET0803687,Annie Gagen,Campaign Worker (uncredited),ACTOR,7569094338
212023,ET0803687,Carson Grant,Political rallier (uncredited),ACTOR,7569094338
5367,ET0803687,Mary-Pat Green,Campaign Aide (uncredited),ACTOR,7569094338
17421,ET0803687,Debbi Morgan,Girl at Columbus Circle (uncredited),ACTOR,7569094338
38141,ET0803687,Don Stroud,Policeman (uncredited),ACTOR,7569094338
811415,ET0803687,Copper Cunningham,Hooker in Cab,ACTOR,7569094338
1141852,ET0803687,Garth Avery,Iris friend,ACTOR,7569094338
1662310,ET0803687,Nat Grant,Stick-aup Man,ACTOR,7569094338
1393387,ET0803687,Billie Perkins,Iris Friend (uncredited),ACTOR,7569094338
9446,ET0803687,Catherine Scorsese,Iris Mother (newspaper article) (uncredited),ACTOR,7569094338
9451,ET0803687,Charles Scorsese,Iris Father (newspaper article) (uncredited),ACTOR,7569094338
3308,ET0803687,Martin Scorsese,,DIRECTOR,7569094338
11472,ET0803688,Graham Chapman,King Arthur or Voice of God or Middle Head or Hiccoughing Guard,ACTOR,7569094339
1549,ET0803688,John Cleese,Second Swallow-Savvy Guard or The Black Knight or Peasant 3 or Sir Launcelot the Brave or Taunting French Guard or Tim the Enchanter,ACTOR,7569094339
11474,ET0803688,Eric Idle,Dead Collector or Peasant 1 or Sir Robin the Not-Quite-So-Brave-as-Sir Launcelot or First Swamp Castle Guard or Concorde or Roger the Shrubber or Brother Maynard,ACTOR,7569094339
11473,ET0803688,Terry Gilliam,Patsy or Green Knight or Old Man from Scene 24 (Bridgekeeper) or Sir Bors or Animator or Gorilla Hand,ACTOR,7569094339
11475,ET0803688,Terry Jones,Denniss Mother or Sir Bedevere or Left Head or Prince Herbert or Voice of Cartoon Scribe,ACTOR,7569094339
11476,ET0803688,Michael Palin,First Swallow-Savvy Guard or Dennis or Peasant 2 or Right Head or Sir Galahad the Pure or Narrator or King of Swamp Castle or Brother Maynards Brother or Leader of The Knights Who Say NI!,ACTOR,7569094339
40898,ET0803688,Connie Booth,The Witch,ACTOR,7569094339
11478,ET0803688,Carol Cleveland,Zoot or Dingo,ACTOR,7569094339
11482,ET0803688,Neil Innes,First Monk or Singing Minstrel or Page Crushed by the Rabbit or Peasant #4,ACTOR,7569094339
40899,ET0803688,Bee Duffell,Old Crone,ACTOR,7569094339
11481,ET0803688,John Young,Dead Body or Historian Frank,ACTOR,7569094339
40900,ET0803688,Rita Davies,Historians Wife,ACTOR,7569094339
40901,ET0803688,Avril Stewart,Dr. Piglet,ACTOR,7569094339
40902,ET0803688,Sally Kinghorn,Dr. Winston,ACTOR,7569094339
40903,ET0803688,Mark Zycon,Prisoner,ACTOR,7569094339
1275018,ET0803688,Elspeth Cameron,Girl in Castle Anthrax,ACTOR,7569094339
1462970,ET0803688,Mitsuko Forstater,Girl in Castle Anthrax,ACTOR,7569094339
589811,ET0803688,Sandy Johnson,Knight of Ni or Villager at Witch Burning or Musician at Wedding or Monk or Knight in Battle,ACTOR,7569094339
976111,ET0803688,Sandy Rose,Girl in Castle Anthrax,ACTOR,7569094339
1462971,ET0803688,Romilly Squire,Musician at Wedding or Villager at Witch Burning,ACTOR,7569094339
90024,ET0803688,Joni Flynn,Girl in Castle Anthrax,ACTOR,7569094339
1462991,ET0803688,Alison Walker,Girl in Castle Anthrax,ACTOR,7569094339
1462993,ET0803688,Loraine Ward,Girl in Castle Anthrax,ACTOR,7569094339
1462994,ET0803688,Anna Lanski,Girl in Castle Anthrax,ACTOR,7569094339
1462623,ET0803688,Sally Coombe,Girl in Castle Anthrax,ACTOR,7569094339
1462995,ET0803688,Vivienne MacDonald,Girl in Castle Anthrax,ACTOR,7569094339
1462975,ET0803688,Yvonne Dick,Girl in Castle Anthrax,ACTOR,7569094339
1462978,ET0803688,Daphne Darling,Girl in Castle Anthrax,ACTOR,7569094339
703435,ET0803688,Fiona Gordon,Girl in Castle Anthrax,ACTOR,7569094339
1463011,ET0803688,Judy Lamb,Girl in Castle Anthrax,ACTOR,7569094339
1462986,ET0803688,Tracy Sneddon,Girl in Castle Anthrax,ACTOR,7569094339
1462588,ET0803688,Joyce Pollner,Girl in Castle Anthrax,ACTOR,7569094339
889417,ET0803688,Mary Allen,Girl in Castle Anthrax,ACTOR,7569094339
1464056,ET0803688,Gloria Graham,Girl in Castle Anthrax,ACTOR,7569094339
1671807,ET0803688,Sylvia Taylor,Girl in Castle Anthrax,ACTOR,7569094339
11490,ET0803688,Julian Doyle,Police Sergeant (uncredited),ACTOR,7569094339
84047,ET0803688,Margarita Doyle,Peasant (uncredited),ACTOR,7569094339
1463016,ET0803688,Zack Matalon,Guard who Falls into Barrels (uncredited),ACTOR,7569094339
1463018,ET0803688,Scott Mike,Bash (Mudfighter (uncredited),ACTOR,7569094339
1463021,ET0803688,William Palin,Sir Not-Appearing-in-this-Film (uncredited),ACTOR,7569094339
11475,ET0803688,Terry Jones,Themselves (uncredited),ACTOR,7569094339
919694,ET0803688,Tom Raeburn,Guard Eating Apple (uncredited),ACTOR,7569094339
400172,ET0803688,Brian Ross,Biff (Mudfighter) (uncredited),ACTOR,7569094339
14908,ET0803688,Roy Forge Smith,Inspector End of Film (uncredited),ACTOR,7569094339
8327,ET0803688,John Thornton,Dancing Knight (uncredited),ACTOR,7569094339
156072,ET0803688,Maggie Weston,Page-turner (uncredited),ACTOR,7569094339
11475,ET0803688,Terry Jones,,DIRECTOR,7569094339
11473,ET0803688,Terry Gilliam,,DIRECTOR,7569094339
11472,ET0803689,Graham Chapman,Wise Man #2 or Brian Cohen or Biggus Dickus,ACTOR,7569094340
1549,ET0803689,John Cleese,Wise Man #1 or Reg or Jewish Official or First Centurion or Deadly Dirk or Arthur,ACTOR,7569094340
11473,ET0803689,Terry Gilliam,Man Even Further Forward or Revolutionary or Jailer or Blood and Thunder Prophet or Frank or Audience Member or Crucifee,ACTOR,7569094340
11474,ET0803689,Eric Idle,Mr. Cheeky or Stan Loretta or Harry the Haggler or Culprit Woman or Warris or Intensely Dull Youth or Jailers Assistant or Otto or Lead Singer Crucifee,ACTOR,7569094340
11475,ET0803689,Terry Jones,Mandy Cohen or Colin or Simon the Holy Man or Bob Hoskins or Saintly Passer-by or Alarmed Crucifixion Assistant,ACTOR,7569094340
11476,ET0803689,Michael Palin,Wise Man #3 or Mr. Big Nose or Francis or Mrs. A or Ex-Leper or Announcer or Ben or Pontius Pilate or Boring Prophet or Eddie or Shoe Follower or Nisus Wettus,ACTOR,7569094340
11477,ET0803689,Terence Bayler,Gregory,ACTOR,7569094340
11478,ET0803689,Carol Cleveland,Mrs. Gregory,ACTOR,7569094340
11479,ET0803689,Kenneth Colley,Jesus,ACTOR,7569094340
11482,ET0803689,Neil Innes,A Weedy Samaritan,ACTOR,7569094340
11480,ET0803689,Charles McKeown,False Prophet or Blind Man or Giggling Guard or Stig,ACTOR,7569094340
11481,ET0803689,John Young, Matthias Son of Deuteronomy of Gath,ACTOR,7569094340
11483,ET0803689,Gwen Taylor,Mrs. Big Nose,ACTOR,7569094340
11484,ET0803689,Sue Jones-Davies,Judith Iscariot,ACTOR,7569094340
548006,ET0803689,Peter Brett,,ACTOR,7569094340
11485,ET0803689,John Case,Pilates Wife,ACTOR,7569094340
11489,ET0803689,Chris Langham,Alfonso or Giggling Guard,ACTOR,7569094340
11487,ET0803689,Andrew MacLachlan,Another Official Stoners Helper or Giggling Guard,ACTOR,7569094340
11486,ET0803689,Bernard McKenna,Parvus or Official Stoners Helper or Giggling Guard,ACTOR,7569094340
73106,ET0803689,Spike Milligan,Spike,ACTOR,7569094340
11488,ET0803689,George Harrison,Mr. Papadopolous (uncredited),ACTOR,7569094340
11475,ET0803689,Terry Jones,,DIRECTOR,7569094340
1700,ET0803690,Ellen Burstyn,Chris MacNeil,ACTOR,7569094341
14440,ET0803690,Linda Blair,Regan Teresa MacNeil,ACTOR,7569094341
3288,ET0803690,Max von Sydow,Father Lankester Merrin,ACTOR,7569094341
8032,ET0803690,Lee J. Cobb,Lt. William F. Kinderman,ACTOR,7569094341
14442,ET0803690,Kitty Winn,Sharon Spencer,ACTOR,7569094341
14444,ET0803690,Jack MacGowran,Burke Dennings,ACTOR,7569094341
14441,ET0803690,Jason Miller,Father Damien Karras,ACTOR,7569094341
14443,ET0803690,William OMalley,Father Joseph Dyer,ACTOR,7569094341
14445,ET0803690,Barton Heyman,Dr. Samuel Klein,ACTOR,7569094341
14446,ET0803690,Peter Masterson,Dr. Barringer,ACTOR,7569094341
14447,ET0803690,Rudolf Schündler,Karl,ACTOR,7569094341
520251,ET0803690,Gina Petrushka,Willi,ACTOR,7569094341
14448,ET0803690,Robert Symonds,Dr. Taney,ACTOR,7569094341
518372,ET0803690,Arthur Storch,Psychiatrist,ACTOR,7569094341
450171,ET0803690,Thomas Bermingham,Tom,ACTOR,7569094341
1022050,ET0803690,Vasiliki Maliaros,Mary Karras,ACTOR,7569094341
14449,ET0803690,Titos Vandis,Uncle John,ACTOR,7569094341
14622,ET0803690,John Mahon,Language Lab Director,ACTOR,7569094341
525566,ET0803690,Wallace Rooney,Bishop Michael,ACTOR,7569094341
50859,ET0803690,Ron Faber,Chuck or Demon (voice),ACTOR,7569094341
7101,ET0803690,Donna Mitchell,Mary Jo Perrin,ACTOR,7569094341
49762,ET0803690,Roy Cooper,Jesuit Dean,ACTOR,7569094341
176,ET0803690,Robert Gerringer,Senator at Party,ACTOR,7569094341
14450,ET0803690,Mercedes McCambridge,Demon (voice),ACTOR,7569094341
1171700,ET0803690,Paul Bateson,Radiologists Assistant (uncredited),ACTOR,7569094341
1171801,ET0803690,Elinore Blair,Nurse (uncredited),ACTOR,7569094341
14452,ET0803690,William Peter Blatty,The Producer (uncredited),ACTOR,7569094341
82422,ET0803690,Mary Boylan,First Mental Patient (uncredited),ACTOR,7569094341
554384,ET0803690,Mason Curry,Doctor (voice) (uncredited),ACTOR,7569094341
920339,ET0803690,Toni Darnay,Violent psychotic patient (uncredited),ACTOR,7569094341
14451,ET0803690,Eileen Dietz,Demon or Regan Double (uncredited),ACTOR,7569094341
1171714,ET0803690,Joanne Dusseau,Senators Wife (uncredited),ACTOR,7569094341
1031264,ET0803690,Bernard Eismann,Minor Role (uncredited),ACTOR,7569094341
1171814,ET0803690,Beatrice Hunter,Minor Role (uncredited),ACTOR,7569094341
897392,ET0803690,Yvonne Jones,Bellevue Nurse (uncredited),ACTOR,7569094341
1171936,ET0803690,Don LaBonte,Minor Role (uncredited),ACTOR,7569094341
1171750,ET0803690,Barton Lane,Angiography Doctor (uncredited),ACTOR,7569094341
1171752,ET0803690,Ann Miles,Spiderwalk (uncredited),ACTOR,7569094341
1171860,ET0803690,John Nicola,Priest (uncredited),ACTOR,7569094341
1171760,ET0803690,Vincent Russell,Subway Vagrant (uncredited),ACTOR,7569094341
1171764,ET0803690,Gerard F. Yates,Priest Singing Around Piano at Party (uncredited),ACTOR,7569094341
14255,ET0803690,William Friedkin,,DIRECTOR,7569094341
11472,ET0803691,Graham Chapman,Various,ACTOR,7569094342
11476,ET0803691,Michael Palin,Various or Its man,ACTOR,7569094342
11475,ET0803691,Terry Jones,Various,ACTOR,7569094342
11474,ET0803691,Eric Idle,Various,ACTOR,7569094342
11473,ET0803691,Terry Gilliam,Various,ACTOR,7569094342
6050,ET0803692,Clint Eastwood,Harry,ACTOR,7569094342
74499,ET0803692,Harry Guardino,Bressler,ACTOR,7569094342
24045,ET0803692,Reni Santoni,Chico,ACTOR,7569094342
29250,ET0803692,John Vernon,The Mayor,ACTOR,7569094342
29225,ET0803692,Andrew Robinson,Killer,ACTOR,7569094342
63141,ET0803692,John Larch,Chief,ACTOR,7569094342
28420,ET0803692,John Mitchum,De Georgio,ACTOR,7569094342
83026,ET0803692,Mae Mercer,Mrs. Russell,ACTOR,7569094342
83027,ET0803692,Lyn Edgington,Norma,ACTOR,7569094342
83028,ET0803692,Ruth Kobart,Bus Driver,ACTOR,7569094342
29253,ET0803692,Woodrow Parfrey,Mr. Jaffe,ACTOR,7569094342
7250,ET0803692,Josef Sommer,Rothko,ACTOR,7569094342
83029,ET0803692,William Paterson,Bannerman,ACTOR,7569094342
44085,ET0803692,James Nolan,Liquor Proprietor,ACTOR,7569094342
28418,ET0803692,Maurice Argent,Sid Kleinman,ACTOR,7569094342
83030,ET0803692,Jo De Winter,Miss Willis,ACTOR,7569094342
642080,ET0803692,Craig Kelly,Sgt. Reineke,ACTOR,7569094342
24203,ET0803692,Albert Popwell,Bank Robber (uncredited),ACTOR,7569094342
83031,ET0803692,Joy Carlin,Communications Secretary (uncredited),ACTOR,7569094342
83032,ET0803692,Bill Couch,Suicide Jumper (uncredited),ACTOR,7569094342
83033,ET0803692,Diana Davidson,Swimmer (uncredited),ACTOR,7569094342
6848,ET0803692,Vince Deadrick Sr.,Pedestrian (uncredited),ACTOR,7569094342
83034,ET0803692,Chuck Dorsett,TV Watcher (uncredited),ACTOR,7569094342
83035,ET0803692,Al Dunlap,Man in Jaffes Cafe (uncredited),ACTOR,7569094342
83036,ET0803692,Larry Duran,(uncredited),ACTOR,7569094342
63147,ET0803692,George Fargo,Homicide Detective (uncredited),ACTOR,7569094342
83037,ET0803692,Lois Foraker,Hot Mary (uncredited),ACTOR,7569094342
29725,ET0803692,Max Gail,Tunnel Hoodlum (uncredited),ACTOR,7569094342
19846,ET0803692,John Garber,Tunnel Hoodlum (uncredited),ACTOR,7569094342
37760,ET0803692,Christopher Pray,Tunnel Hoodlum (uncredited),ACTOR,7569094342
83038,ET0803692,Eddie Garrett,Policeman (uncredited),ACTOR,7569094342
58911,ET0803692,James W. Gavin,Helicopter Pilot (uncredited),ACTOR,7569094342
28432,ET0803692,David Gilliam,Homosexual (uncredited),ACTOR,7569094342
83039,ET0803692,Don Haggerty,Minor Role (uncredited),ACTOR,7569094342
83040,ET0803692,Scott Hale,Newsman (uncredited),ACTOR,7569094342
83041,ET0803692,Kate Harper,Underwear Chick (uncredited),ACTOR,7569094342
83042,ET0803692,Bob Harris,Man in Truck (uncredited),ACTOR,7569094342
15562,ET0803692,Chuck Hicks,Flower Vendor (uncredited),ACTOR,7569094342
28171,ET0803692,Raymond Johnson,Big Black Man (uncredited),ACTOR,7569094342
58618,ET0803692,Richard Lawson,Homosexual (uncredited),ACTOR,7569094342
83043,ET0803692,Laurie Mock,Third Nude (uncredited),ACTOR,7569094342
83044,ET0803692,Ann Noland,Hippie Girl (uncredited),ACTOR,7569094342
83045,ET0803692,Kathleen OMalley,Lady in Jaffes Cafe (uncredited),ACTOR,7569094342
11774,ET0803692,Angela Paton,Homicide Detective (uncredited),ACTOR,7569094342
83046,ET0803692,Victor Paul,Car Driver (uncredited),ACTOR,7569094342
27040,ET0803692,Debralee Scott,Ann Mary Deacon (uncredited),ACTOR,7569094342
56405,ET0803692,Don Siegel,Pedestrian Passing Harrys Car (uncredited),ACTOR,7569094342
83047,ET0803692,Kristoffer Tabori,Hippie Guy (uncredited),ACTOR,7569094342
357644,ET0803692,Tony Dario,Police Sergeant (uncredited),ACTOR,7569094342
1254876,ET0803692,Marc Hertsens,Steve - Doctor (uncredited),ACTOR,7569094342
1254791,ET0803692,Gordon Chapli,Fireman (uncredited),ACTOR,7569094342
1254778,ET0803692,Janet Wisely,First Nude (uncredited),ACTOR,7569094342
1255103,ET0803692,Pamela Tanimura,Bus Kid (uncredited),ACTOR,7569094342
1254838,ET0803692,Richard Samuelson,Bus Kid (uncredited),ACTOR,7569094342
1255106,ET0803692,Derek Jue,Bus Kid (uncredited),ACTOR,7569094342
1255122,ET0803692,Sean Maley,Bus Kid (uncredited),ACTOR,7569094342
1255589,ET0803692,Diane Darnell,Mayors Secretary (uncredited),ACTOR,7569094342
56405,ET0803692,Don Siegel,,DIRECTOR,7569094342
14081,ET0803693,Audrey Hepburn,Eliza Doolittle,ACTOR,7569094343
29434,ET0803693,Rex Harrison,Professor Henry Higgins,ACTOR,7569094343
70452,ET0803693,Stanley Holloway,Alfred P. Doolittle,ACTOR,7569094343
20032,ET0803693,Wilfrid Hyde-White,Colonel Hugh Pickering,ACTOR,7569094343
66907,ET0803693,Gladys Cooper,Mrs. Higgins,ACTOR,7569094343
92956,ET0803693,Jeremy Brett,Freddy Eynsford-Hill,ACTOR,7569094343
95111,ET0803693,Theodore Bikel,Zoltan Karpathy,ACTOR,7569094343
96235,ET0803693,Mona Washbourne,Mrs. Pearce,ACTOR,7569094343
71879,ET0803693,Isobel Elsom,Mrs. Eynsford-Hill,ACTOR,7569094343
17920,ET0803693,John Holland,Butler,ACTOR,7569094343
22464,ET0803693,Colin Kenny,Ad Lib at Church (uncredited),ACTOR,7569094343
22474,ET0803693,Bert Stevens,Gentleman (uncredited),ACTOR,7569094343
36157,ET0803693,Frank Baker,Gentleman (uncredited),ACTOR,7569094343
32994,ET0803693,Marjorie Bennett,Cockney with Pipe (uncredited),ACTOR,7569094343
102105,ET0803693,Betty Blythe,Lady at Ball (uncredited),ACTOR,7569094343
7781,ET0803693,Arthur Tovey,Singer (uncredited),ACTOR,7569094343
12880,ET0803693,Marni Nixon,Eliza Doolittle (singing voice) (uncredited),ACTOR,7569094343
132399,ET0803693,Al Bain,Cockney (uncredited),ACTOR,7569094343
517599,ET0803693,William Beckley,Footman (uncredited),ACTOR,7569094343
13326,ET0803693,Lillian Kemble-Cooper,Lady Ambassador (uncredited),ACTOR,7569094343
22454,ET0803693,Henry Daniell,Ambassador (uncredited),ACTOR,7569094343
523436,ET0803693,Brendan Dillon,Leading Man (uncredited),ACTOR,7569094343
13439,ET0803693,George Cukor,,DIRECTOR,7569094343
14989,ET0803694,Brooke Shields,Emmeline,ACTOR,7569094344
44313,ET0803694,Christopher Atkins,Richard,ACTOR,7569094344
36764,ET0803694,Leo McKern,Paddy Button,ACTOR,7569094344
30068,ET0803694,William Daniels,Arthur Lestrange,ACTOR,7569094344
80677,ET0803694,Jeffrey Kleiser,Lookout,ACTOR,7569094344
66492,ET0803694,Gus Mercurio,Officer,ACTOR,7569094344
80678,ET0803694,Elva Josephson,Young Emmeline,ACTOR,7569094344
80679,ET0803694,Glenn Kohan,Young Richard,ACTOR,7569094344
80680,ET0803694,Bradley Pryce,Little Paddy,ACTOR,7569094344
80681,ET0803694,Chad Timmerman,Infant Paddy,ACTOR,7569094344
80682,ET0803694,Gert Jacoby,Sailor,ACTOR,7569094344
80683,ET0803694,Alex Hamilton,Sailor,ACTOR,7569094344
80684,ET0803694,Richard Evanson,Sailor,ACTOR,7569094344
28692,ET0803694,Randal Kleiser,,DIRECTOR,7569094344
20837,HC2631061,Warren Beatty,Clyde Barrow,ACTOR,7889388764
17170,HC2631061,Faye Dunaway,Bonnie Parker,ACTOR,7889388764
16446,HC2631061,Michael J. Pollard,C. W. Moss,ACTOR,7889388764
15098,HC2631061,Gene Hackman,Buck Barrow,ACTOR,7889388764
22346,HC2631061,Estelle Parsons,Blanche,ACTOR,7889388764
18249,HC2631061,Denver Pyle,Frank Hamer,ACTOR,7889388764
11347,HC2631061,Dub Taylor,Ivan Moss,ACTOR,7889388764
22347,HC2631061,Evans Evans,Velma Davis,ACTOR,7889388764
22345,HC2631061,Gene Wilder,Eugene Grizzard,ACTOR,7889388764
22348,HC2631061,Mabel Cavitt,Bonnies mother (uncredited),ACTOR,7889388764
22349,HC2631061,Patrick Cranshaw,Bank Teller (uncredited),ACTOR,7889388764
345491,HC2631061,Owen Bush,Policeman (uncredited),ACTOR,7889388764
22351,HC2631061,Clyde Howdy,Deputy (uncredited),ACTOR,7889388764
22352,HC2631061,Russ Marker,Bank Guard (uncredited),ACTOR,7889388764
22354,HC2631061,Ann Palmer,Bonnies Sister (uncredited),ACTOR,7889388764
511857,HC2631061,Ken Mayer,Sheriff Smoot (uncredited),ACTOR,7889388764
22355,HC2631061,Arthur Penn,,DIRECTOR,7889388764
26187,ET0803696,Burt Lancaster,Dolworth,ACTOR,7569094347
35196,ET0803696,Lee Marvin,Fardan,ACTOR,7569094347
24126,ET0803696,Robert Ryan,Ehrengard,ACTOR,7569094347
36499,ET0803696,Woody Strode,Jake,ACTOR,7569094347
16444,ET0803696,Jack Palance,Jesus Raza,ACTOR,7569094347
16488,ET0803696,Claudia Cardinale,Maria,ACTOR,7569094347
12463,ET0803696,Ralph Bellamy,Grant,ACTOR,7569094347
62767,ET0803696,Joe De Santis,Ortega,ACTOR,7569094347
62768,ET0803696,Rafael Bertrand,Fierro,ACTOR,7569094347
62769,ET0803696,Jorge Martínez de Hoyos,Padilla,ACTOR,7569094347
62770,ET0803696,Marie Gomez,Chiquita,ACTOR,7569094347
57746,ET0803696,José Chávez,Revolutionary,ACTOR,7569094347
127918,ET0803696,Carlos Romero,Revolutionary,ACTOR,7569094347
23699,ET0803696,Vaughn Taylor,Banker,ACTOR,7569094347
534965,ET0803696,Elizabeth Campbell,Mexican Girl (uncredited),ACTOR,7569094347
1461646,ET0803696,Don Carlos,Bandit (uncredited),ACTOR,7569094347
58919,ET0803696,Leigh Chapman,Lady (uncredited),ACTOR,7569094347
80218,ET0803696,Roberto Contreras,Bandit (uncredited),ACTOR,7569094347
2209884,ET0803696,Dirk Evans,Man at Door (uncredited),ACTOR,7569094347
539684,ET0803696,Darwin Lamb,Hooper (uncredited),ACTOR,7569094347
227842,ET0803696,Eddie Little Sky,Jakes Prisoner (uncredited),ACTOR,7569094347
2209736,ET0803696,John Lopez,Mexican Servant (uncredited),ACTOR,7569094347
101889,ET0803696,John McKee,Sheriff (uncredited),ACTOR,7569094347
534354,ET0803696,Philip L. Parslow,Deputy Sheriff (uncredited),ACTOR,7569094347
650832,ET0803696,Ron Veto,Mexican Soldier (uncredited),ACTOR,7569094347
23705,ET0803696,Richard Brooks,,DIRECTOR,7569094347
16024,ET0803697,Gregory Peck,Capt. Keith Mallory,ACTOR,7569094348
16485,ET0803697,David Niven,Cpl. James Arthur Miller,ACTOR,7569094348
16350,ET0803697,Anthony Quinn,Col. Andrea Stavros,ACTOR,7569094348
29175,ET0803697,Stanley Baker,Pvt. Butcher Brown,ACTOR,7569094348
16352,ET0803697,Anthony Quayle,Maj. Roy Franklin,ACTOR,7569094348
29176,ET0803697,James Darren,Pvt. Spyros Pappadimos,ACTOR,7569094348
21795,ET0803697,Irene Papas,Maria Pappadimos,ACTOR,7569094348
29177,ET0803697,Gia Scala,Anna,ACTOR,7569094348
29178,ET0803697,James Robertson Justice,Commodore Jensen or Prologue Narrator,ACTOR,7569094348
4431,ET0803697,Richard Harris,Squadron Leader Howard Barnsby RAAF,ACTOR,7569094348
29179,ET0803697,Bryan Forbes,Cohn,ACTOR,7569094348
29180,ET0803697,Allan Cuthbertson,Maj. Baker,ACTOR,7569094348
16493,ET0803697,Michael Trubshawe,Weaver,ACTOR,7569094348
27914,ET0803697,Percy Herbert,Sgt. Grogan,ACTOR,7569094348
16882,ET0803697,George Mikell,SS Hauptman Sessler,ACTOR,7569094348
11738,ET0803697,Walter Gotell,Muesel,ACTOR,7569094348
13701,ET0803697,Tutte Lemkow,Nicolai,ACTOR,7569094348
29181,ET0803697,Albert Lieven,Commandant,ACTOR,7569094348
29182,ET0803697,Norman Wooland,Group Captain,ACTOR,7569094348
613906,ET0803697,Kleo Skouloudi,Bride,ACTOR,7569094348
29184,ET0803697,Nicholas Papakonstantinou,Patrol Boat Captain,ACTOR,7569094348
29185,ET0803697,Christopher Rhodes,German Gunnery Officer,ACTOR,7569094348
13433,ET0803697,William Hoehne Jr.,German Officer on Navarone,ACTOR,7569094348
29187,ET0803697,J. Lee Thompson,,DIRECTOR,7569094348
26761,ET0803698,Yasuo Yamada,Arsene Lupin III (voice),ACTOR,7569094349
26762,ET0803698,Eiko Masuyama,Fujiko Mine (voice),ACTOR,7569094349
26764,ET0803698,Kiyoshi Kobayashi,Daisuke Jigen (voice),ACTOR,7569094349
26765,ET0803698,Gorō Naya,Inspector Zenigata (voice),ACTOR,7569094349
26766,ET0803698,Sumi Shimamoto,Lady Clarisse de Cagliostro (voice),ACTOR,7569094349
26767,ET0803698,Tarô Ishida,Count Cagliostro (voice),ACTOR,7569094349
26769,ET0803698,Akio Nojima,Japanese Delegate (voice),ACTOR,7569094349
26768,ET0803698,Eken Mine,Archbishops Driver (voice),ACTOR,7569094349
26770,ET0803698,Ichirō Nagai,Jodo (voice),ACTOR,7569094349
26771,ET0803698,Junkichi Yarita,Soviet Delegate (voice),ACTOR,7569094349
26772,ET0803698,Kinpei Azusa,Archbishop (voice),ACTOR,7569094349
26773,ET0803698,Kōhei Miyauchi,Gardener (voice),ACTOR,7569094349
26774,ET0803698,Mikio Terashima,German Delegate (voice),ACTOR,7569094349
26775,ET0803698,Minoru Midorikawa,Servant (voice),ACTOR,7569094349
25342,ET0803698,Osamu Saka,British Delegate (voice),ACTOR,7569094349
26776,ET0803698,Shigeharu Matsuda,Saitama Riot Police Captain (voice),ACTOR,7569094349
26778,ET0803698,Shozo Hirabayashi,Interpol Chief (voice),ACTOR,7569094349
26777,ET0803698,Tadamichi Tsuneizumi,Gustav (voice),ACTOR,7569094349
26779,ET0803698,Yoko Yamaoka,Waitress (voice),ACTOR,7569094349
94767,ET0803698,Makio Inoue,Goemon Ishikawa XIII (voice),ACTOR,7569094349
26781,ET0803698,Hayao Miyazaki,,DIRECTOR,7569094349
25707,ET0803699,Richard Pryor,Himself,ACTOR,7569094350
191724,ET0803699,Jennifer Lee Pryor,Herself (uncredited),ACTOR,7569094350
65063,ET0803699,Jeff Margolis,,DIRECTOR,7569094350
6982,ET0803700,David Carradine,Cole Younger,ACTOR,7569094351
10532,ET0803700,Keith Carradine,Jim Younger,ACTOR,7569094351
31443,ET0803700,Robert Carradine,Bob Younger,ACTOR,7569094351
16990,ET0803700,James Keach,Jesse James,ACTOR,7569094351
5314,ET0803700,Stacy Keach,Frank James,ACTOR,7569094351
8364,ET0803700,Dennis Quaid,Ed Miller,ACTOR,7569094351
4700,ET0803700,Randy Quaid,Clell Miller,ACTOR,7569094351
103549,ET0803700,Kevin Brophy,John Younger,ACTOR,7569094351
11346,ET0803700,Harry Carey,Jr. George Arthur,ACTOR,7569094351
11173,ET0803700,Christopher Guest,Charlie Ford,ACTOR,7569094351
6802,ET0803700,Nicholas Guest,Bob Ford,ACTOR,7569094351
103550,ET0803700,Shelby Leverington,Annie Ralston,ACTOR,7569094351
23528,ET0803700,Felice Orlandi,Mr. Reddick,ACTOR,7569094351
37723,ET0803700,Pamela Reed,Belle Starr,ACTOR,7569094351
7551,ET0803700,James Remar,Sam Starr,ACTOR,7569094351
30449,ET0803700,Fran Ryan,Mrs. Samuel,ACTOR,7569094351
464614,ET0803700,Savannah Smith Boucher,Zee,ACTOR,7569094351
499165,ET0803700,Amy Stryker,Beth,ACTOR,7569094351
236701,ET0803700,James Whitmore Jr.,Mr. Rixley,ACTOR,7569094351
103745,ET0803700,John Bottoms,Mortician,ACTOR,7569094351
510469,ET0803700,West Buchanan,McCorkindale,ACTOR,7569094351
16449,ET0803700,Edward Bunker,Chadwell,ACTOR,7569094351
510971,ET0803700,Martina Deignan,Shirley Biggs,ACTOR,7569094351
14610,ET0803700,Allan Graf,Bank Customer Graf,ACTOR,7569094351
2429,ET0803700,Chris Mulkey,Vernon Biggs,ACTOR,7569094351
1516234,ET0803700,Thomas Myers,Gallatin Bank Cashier,ACTOR,7569094351
2081617,ET0803700,Marlise Karlin,Wilhelmina,ACTOR,7569094351
477781,ET0803700,Glenn Robards,Doctor,ACTOR,7569094351
477969,ET0803700,Tim Rossovich,Pitts,ACTOR,7569094351
12578,ET0803700,Lin Shaye,Kate,ACTOR,7569094351
495571,ET0803700,Gary Watkins,Bank Teller Heywood,ACTOR,7569094351
15955,ET0803700,Peter Jason,The Pinkertons,ACTOR,7569094351
51314,ET0803700,Duke Stroud,The Pinkertons,ACTOR,7569094351
10505,ET0803700,Steven Chambers,The Pinkertons,ACTOR,7569094351
33594,ET0803700,William Traylor,The Pinkertons,ACTOR,7569094351
20123,ET0803700,J. Don Ferguson,Preacher,ACTOR,7569094351
2081747,ET0803700,Hugh McGraw,Singer,ACTOR,7569094351
1780983,ET0803700,Prentiss Rowe,Sheriff Rowe,ACTOR,7569094351
2081774,ET0803700,Stuart Mossman,Engineer,ACTOR,7569094351
948516,ET0803700,Michael Lackey,Gustavson,ACTOR,7569094351
2081848,ET0803700,Mitch Greenhill,Guitarist,ACTOR,7569094351
76226,ET0803700,Bill Bryson,Banjo Player,ACTOR,7569094351
2081927,ET0803700,Tom Sauber,Fiddle Player,ACTOR,7569094351
1739250,ET0803700,Jimmy Medearis,Farmer,ACTOR,7569094351
2081675,ET0803700,Edgar McLeod,Photographer,ACTOR,7569094351
12108,ET0803700,Luis Contreras,Man at the Bar,ACTOR,7569094351
434506,ET0803700,Kalen Keach,Little Jesse,ACTOR,7569094351
2081881,ET0803700,R.B. Thrift,Archie Samuel,ACTOR,7569094351
31821,ET0803700,Ry Cooder,Wedding Band Guitar Player (uncredited),ACTOR,7569094351
863658,ET0803700,George D. Miklos,Clogger (uncredited),ACTOR,7569094351
352662,ET0803700,Bill Rampley,Cowboy or Posse (uncredited),ACTOR,7569094351
5104,ET0803700,Walter Hill,,DIRECTOR,7569094351
25056,ET0799546,Bing Crosby,Bob Wallace,ACTOR,7569090197
60326,ET0799546,Danny Kaye,Phil Davis,ACTOR,7569090197
74992,ET0799546,Rosemary Clooney,Betty Haynes,ACTOR,7569090197
74993,ET0799546,Vera-Ellen,Judy Haynes,ACTOR,7569090197
41874,ET0799546,Dean Jagger,General Waverly,ACTOR,7569090197
27535,ET0799546,Mary Wickes,Emma Allen,ACTOR,7569090197
74994,ET0799546,John Brascia,John,ACTOR,7569090197
74995,ET0799546,Anne Whitfield,Susan Waverly,ACTOR,7569090197
74996,ET0799546,Bea Allen,Dancer (uncredited),ACTOR,7569090197
36157,ET0799546,Frank Baker,Anniversary Party Guest (uncredited),ACTOR,7569090197
74997,ET0799546,Glen Cargyle,Jeep Driver (uncredited),ACTOR,7569090197
25098,ET0799546,George Chakiris,Dancer (uncredited),ACTOR,7569090197
100934,ET0799546,Barrie Chase,Doris Lenz (uncredited),ACTOR,7569090197
1023889,ET0799546,Lorinne Crawford,Rita (uncredited),ACTOR,7569090197
22477,ET0799546,Franklyn Farnum,Club Patron (uncredited),ACTOR,7569090197
14166,ET0799546,Bess Flowers,Club Patron (uncredited),ACTOR,7569090197
36504,ET0799546,Gavin Gordon,General Carlton (uncredited),ACTOR,7569090197
422099,ET0799546,Johnny Grant,Ed Harrison (uncredited),ACTOR,7569090197
57838,ET0799546,Percy Helton,Train Conductor (uncredited),ACTOR,7569090197
88997,ET0799546,I. Stanford Jolley,Station Master (uncredited),ACTOR,7569090197
45687,ET0799546,Sig Ruman,Landlord (uncredited),ACTOR,7569090197
132394,ET0799546,Grady Sutton,Mr. Herring (uncredited),ACTOR,7569090197
71905,ET0799546,Herb Vigran,Novello (uncredited),ACTOR,7569090197
498631,ET0799546,Robert Crosson,Albert (uncredited),ACTOR,7569090197
14797,ET0799546,Michael Curtiz,,DIRECTOR,7569090197
173189,ET0803702,Farid Shawqi,Abu Siri,ACTOR,7569094353
530033,ET0803702,Hind Rostom,Hanuma,ACTOR,7569094353
173191,ET0803702,Youssef Chahine,Qinawi,ACTOR,7569094353
1321002,ET0803702,Hassan el Baroudi,Madbouli,ACTOR,7569094353
557165,ET0803702,Abdel Aziz Khalil,Abu Gaber,ACTOR,7569094353
557166,ET0803702,Said Khalil,Jadallah,ACTOR,7569094353
557167,ET0803702,Abdel Ghani Nagdi,Saidi traveller,ACTOR,7569094353
557168,ET0803702,Loutfi El Hakim,,ACTOR,7569094353
557169,ET0803702,Abdel Hamid Bodaoha,Shawish Hassanein,ACTOR,7569094353
557170,ET0803702,F. El Demerdache,,ACTOR,7569094353
557171,ET0803702,Said El Araby,,ACTOR,7569094353
538017,ET0803702,Ahmed Abaza,Mansour,ACTOR,7569094353
557172,ET0803702,Hana Abdel Fattah,,ACTOR,7569094353
557173,ET0803702,Safia Sarwat,,ACTOR,7569094353
557178,ET0803702,Asaad Kellada,(as Assaad Kellada),ACTOR,7569094353
555008,ET0803702,Naima Wasfy,Hallawatim,ACTOR,7569094353
1521416,ET0803702,Sherine,,ACTOR,7569094353
1521414,ET0803702,Soheir,,ACTOR,7569094353
1321149,ET0803702,Esmat Mahmoud,,ACTOR,7569094353
1521441,ET0803702,Nawal Morsi,,ACTOR,7569094353
1521413,ET0803702,Gharib Moawad,,ACTOR,7569094353
1521412,ET0803702,Mohamed Mazhar,,ACTOR,7569094353
1521534,ET0803702,Galal Issa,,ACTOR,7569094353
1521409,ET0803702,Mahrous El Garhi,,ACTOR,7569094353
1521506,ET0803702,Ahmed El Tantawi,,ACTOR,7569094353
1521407,ET0803702,S. Abdel Aziz,,ACTOR,7569094353
225932,ET0803702,Nadia Lotfi,,ACTOR,7569094353
2342528,ET0803702,Safia Tharwat,Halawethom,ACTOR,7569094353
173191,ET0803702,Youssef Chahine,,DIRECTOR,7569094353
1256646,ET0803703,Jack Doroshow,Flawless Sabrina,ACTOR,7569094354
1161204,ET0803703,Bernard Giquel,Interviewer,ACTOR,7569094354
543719,ET0803703,Mario Montez,Self - Singer,ACTOR,7569094354
540350,ET0803703,Crystal LaBeija,Self - Competitor,ACTOR,7569094354
1161195,ET0803703,Rachel Harlow,Self - Competitor,ACTOR,7569094354
20913,ET0803703,Andy Warhol,Self - Jury Member,ACTOR,7569094354
223669,ET0803703,Edie Sedgwick,Self - Jury Member,ACTOR,7569094354
535822,ET0803703,Jim Dine,Self - Jury Member,ACTOR,7569094354
35238,ET0803703,Bruce Jay Friedman,Self - Jury Member,ACTOR,7569094354
556507,ET0803703,Larry Rivers,Self - Jury Member,ACTOR,7569094354
14037,ET0803703,Terry Southern,Self - Jury Member,ACTOR,7569094354
539207,ET0803703,Jerry Leiber,Self - Jury Member,ACTOR,7569094354
509010,ET0803703,Jackie Curtis,Self,ACTOR,7569094354
406724,ET0803703,Pepper LaBeija,Self,ACTOR,7569094354
480534,ET0803703,Dorian Corey,Self,ACTOR,7569094354
1161200,ET0803703,Jill Krementz,Self,ACTOR,7569094354
343532,ET0803703,Mary Ellen Mark,Self,ACTOR,7569094354
16387,ET0803703,George Plimpton,Self,ACTOR,7569094354
244219,ET0803703,Frank Simon,,DIRECTOR,7569094354
218173,ET0803704,Gert Westphal,Narrator (voice),ACTOR,7569094355
2069,ET0803704,Adolf Hitler,Self (archive footage),ACTOR,7569094355
41187,ET0803704,Joachim Fest,,DIRECTOR,7569094355
15595,ET0803705,Jane Fonda,Herself,ACTOR,7569094356
1765,ET0803705,Donald Sutherland,Himself,ACTOR,7569094356
529469,ET0803705,Pamela Donegan,Herself,ACTOR,7569094356
529467,ET0803705,Len Chandler,Himself,ACTOR,7569094356
37864,ET0803705,Michael Alaimo,Himself,ACTOR,7569094356
208243,ET0803705,Holly Near,Herself,ACTOR,7569094356
70582,ET0803705,Paul Mooney,Himself,ACTOR,7569094356
488851,ET0803705,Rita Martinson,Herself,ACTOR,7569094356
32267,ET0803705,Peter Boyle,Himself,ACTOR,7569094356
473965,ET0803705,Steve Jaffe,Himself,ACTOR,7569094356
529468,ET0803705,Francine Parker,,DIRECTOR,7569094356
553375,ET0803706,Ahmad Mazhar,Saladin,ACTOR,7569094357
225932,ET0803706,Nadia Lotfi,Louisa de Lusignan,ACTOR,7569094357
215296,ET0803706,Salah Zulfikar,Issa (The Swimmer),ACTOR,7569094357
558944,ET0803706,Leila Fawzi, Virginia Princess of Kerak,ACTOR,7569094357
520600,ET0803706,Hamdy Gheith,King Richard,ACTOR,7569094357
381250,ET0803706,Laila Taher,Queen Berengaria,ACTOR,7569094357
471620,ET0803706,Omar El-Hariri,King Philip of France,ACTOR,7569094357
152472,ET0803706,Husain Reyadh,,ACTOR,7569094357
530826,ET0803706,Mahmoud el-Meliguy, Conrad Marquis of Montferrat,ACTOR,7569094357
576037,ET0803706,Zaki Toleimat,Duke Arthur,ACTOR,7569094357
498370,ET0803706,Tewfik El Dekn,Prince of Akka,ACTOR,7569094357
899933,ET0803706,Mohamed Hamdy,,ACTOR,7569094357
1533795,ET0803706,Mohamed Sultan,,ACTOR,7569094357
1533801,ET0803706,Mohamed Abdel Gawad,,ACTOR,7569094357
1533807,ET0803706,Sami Loutfi,,ACTOR,7569094357
2172269,ET0803706,Ibrahim Emara,,ACTOR,7569094357
546021,ET0803706,Ahmed Louxor,,ACTOR,7569094357
500657,ET0803706,Salah Nazmi,,ACTOR,7569094357
173191,ET0803706,Youssef Chahine,,DIRECTOR,7569094357
173252,ET0803707,Shammi Kapoor,Shyam,ACTOR,7569094358
150319,ET0803707,Padmini,Lata,ACTOR,7569094358
550685,ET0803707,Maria Menado,Maria,ACTOR,7569094358
132270,ET0803707,Shashikala,Shobha,ACTOR,7569094358
222315,ET0803707,Agha,Cha Choo,ACTOR,7569094358
222342,ET0803707,Shakti Samanta,,DIRECTOR,7569094358
15793,ET0803708,Omar Sharif,Ragab,ACTOR,7569094359
225931,ET0803708,Faten Hamamah,Hamedah,ACTOR,7569094359
225933,ET0803708,Ahmed Ramzy,Mamdouh,ACTOR,7569094359
498370,ET0803708,Tewfik El Dekn,Ezzat,ACTOR,7569094359
560735,ET0803708,Ferdoos Mohammed,Ragabs Mother,ACTOR,7569094359
152472,ET0803708,Husain Reyadh,Mamdouhs father,ACTOR,7569094359
173191,ET0803708,Youssef Chahine,,DIRECTOR,7569094359
173189,ET0803709,Farid Shawqi,Mohsens Father,ACTOR,7569094360
530826,ET0803709,Mahmoud el-Meliguy,Qadry,ACTOR,7569094360
216804,ET0803709,Ezzat El Alaili,Shaker,ACTOR,7569094360
538123,ET0803709,Youssef Wahby,Souril,ACTOR,7569094360
537218,ET0803709,Yehia Chahine,,ACTOR,7569094360
558944,ET0803709,Leila Fawzi,,ACTOR,7569094360
745894,ET0803709,Akela Kateb,,ACTOR,7569094360
1326853,ET0803709,Zeinab Sedky,,ACTOR,7569094360
493971,ET0803709,Ahmad Abdel Waress,,ACTOR,7569094360
479007,ET0803709,Abdel Aziz Makhyoun,,ACTOR,7569094360
745892,ET0803709,Ahmed Mehrez,,ACTOR,7569094360
540702,ET0803709,Abdel Warith Assir,The Sheikh,ACTOR,7569094360
745900,ET0803709,Aida Kamel,,ACTOR,7569094360
745891,ET0803709,Oussaida Abbass,,ACTOR,7569094360
536986,ET0803709,Zouzou Hamdy El-Hakim,,ACTOR,7569094360
745890,ET0803709,Abdel Salam Mohamed,,ACTOR,7569094360
745889,ET0803709,Halima El Soghayar,,ACTOR,7569094360
745888,ET0803709,Samira Mohamed,,ACTOR,7569094360
745887,ET0803709,Abou Hachich,,ACTOR,7569094360
745886,ET0803709,Gamil El Traboulsi,,ACTOR,7569094360
223449,ET0803709,Ahmad Zaki,Ibrahim,ACTOR,7569094360
323651,ET0803709,Ahmad Bedir,,ACTOR,7569094360
530275,ET0803709,Naglaa Fathy,,ACTOR,7569094360
452580,ET0803709,Abdalla Mahmoud,Mohsen,ACTOR,7569094360
1113158,ET0803709,Mohsena Tawfik,Yehyas Mother,ACTOR,7569094360
740561,ET0803709,Seif Abdelrahman,,ACTOR,7569094360
173191,ET0803709,Youssef Chahine,,DIRECTOR,7569094360
564029,ET0803710,Negma Ibrahim,Raya,ACTOR,7569094361
536986,ET0803710,Zouzou Hamdy El-Hakim,Sekina,ACTOR,7569094361
173189,ET0803710,Farid Shawqi,,ACTOR,7569094361
562894,ET0803710,Anwar Wagdi,,ACTOR,7569094361
225934,ET0803710,Shukri Sarhan,,ACTOR,7569094361
528719,ET0803710,Samira Ahmed,,ACTOR,7569094361
553401,ET0803710,Berlanty Abdel Hamid,,ACTOR,7569094361
1320827,ET0803710,Motawea Oweis,,ACTOR,7569094361
1330827,ET0803710,Malak Elgamal,,ACTOR,7569094361
1321780,ET0803710,Saeed Khalil,,ACTOR,7569094361
568098,ET0803710,Reyad El Kasabgy,,ACTOR,7569094361
216805,ET0803710,Salah Abu Seif,,DIRECTOR,7569094361
223449,ET0803711,Ahmad Zaki,Kamal,ACTOR,7569094362
223448,ET0803711,Saeed Saleh,Sultan,ACTOR,7569094362
223450,ET0803711,Younes Shalaby,Atef,ACTOR,7569094362
198741,ET0803711,Hassan Mostafa,Ramadan Al-Sokary,ACTOR,7569094362
513684,ET0803711,Nadia Shukry,Sahar,ACTOR,7569094362
1410282,ET0803711,Karima Mokhtar,,ACTOR,7569094362
2317355,ET0803711,Gumball Williams,Jesco,ACTOR,7569094362
752913,ET0803711,Samir Al Asfory,,DIRECTOR,7569094362
222541,ET0803712,Vyjayanthimala,Amrapali,ACTOR,7569094363
64407,ET0803712,Sunil Dutt,Magadh Samrat Ajaatha Shatru,ACTOR,7569094363
173253,ET0803712,Prem Nath,Senpati Veer of Magadh,ACTOR,7569094363
534654,ET0803712,Bipin Gupta,Vaishalis Samrat,ACTOR,7569094363
511559,ET0803712,Gajanan Jagirdar,Kulpati Mahanam,ACTOR,7569094363
434348,ET0803712,K.N. Singh,Balbadra SIngh,ACTOR,7569094363
509943,ET0803712,Ruby Myers,Vaishalis Empress,ACTOR,7569094363
139643,ET0803712,Narendra Nath,Gautama Buddha,ACTOR,7569094363
564274,ET0803712,Baburao Pendharkar,In the song Neel Gagan Ki,ACTOR,7569094363
519826,ET0803712,Mridula Rani,Raj Mata (Ajaat Shatrus Mother),ACTOR,7569094363
144388,ET0803712,Lekh Tandon,,DIRECTOR,7569094363
6958,ET0803713,Amitabh Bachchan,Vijay Varma,ACTOR,7569094364
104308,ET0803713,Shatrughan Sinha,Ravi Kapoor,ACTOR,7569094364
105220,ET0803713,Zeenat Aman,Sheetal Sahni,ACTOR,7569094364
57763,ET0803713,Prem Chopra,Mr. Daaga,ACTOR,7569094364
63303,ET0803713,Amrish Puri,Balwant Singh,ACTOR,7569094364
105226,ET0803713,Helen,Sylvia,ACTOR,7569094364
105221,ET0803713,Pran,Tony,ACTOR,7569094364
511559,ET0803713,Gajanan Jagirdar,High School Principal,ACTOR,7569094364
511558,ET0803713,Sajjan,Ramnik Lal Tiwari,ACTOR,7569094364
68725,ET0803713,Iftekhar,Prosecuting Lawyer,ACTOR,7569094364
434348,ET0803713,K.N. Singh,Judge,ACTOR,7569094364
568116,ET0803713,Trilok Kapoor,,ACTOR,7569094364
511561,ET0803713,Abhimanyu Sharma,,ACTOR,7569094364
299653,ET0803713,Goga Kapoor,,ACTOR,7569094364
105228,ET0803713,Mac Mohan,,ACTOR,7569094364
104310,ET0803713,Paintal,,ACTOR,7569094364
509316,ET0803713,Jagdish Raj,,ACTOR,7569094364
509943,ET0803713,Ruby Myers,,ACTOR,7569094364
199763,ET0803713,Yunus Parvez,,ACTOR,7569094364
216331,ET0803713,Raj Khosla,,DIRECTOR,7569094364
225931,ET0803714,Faten Hamamah,Amal,ACTOR,7569094365
15793,ET0803714,Omar Sharif,Ahmed,ACTOR,7569094365
219842,ET0803714,Zaki Rostom,Taher Pasha,ACTOR,7569094365
173189,ET0803714,Farid Shawqi,Reyadh,ACTOR,7569094365
540702,ET0803714,Abdel Warith Assir,Sabir,ACTOR,7569094365
493971,ET0803714,Ahmad Abdel Waress,,ACTOR,7569094365
520600,ET0803714,Hamdy Gheith,Selim,ACTOR,7569094365
562959,ET0803714,Abdel Ghani Kamar,Hassan,ACTOR,7569094365
988354,ET0803714,Zaki Ibrahim,(Lawyer),ACTOR,7569094365
173191,ET0803714,Youssef Chahine,,DIRECTOR,7569094365
11472,ET0803715,Graham Chapman,Various Characters,ACTOR,7569094366
1549,ET0803715,John Cleese,Various Characters,ACTOR,7569094366
11474,ET0803715,Eric Idle,Various Characters,ACTOR,7569094366
11475,ET0803715,Terry Jones,Various Characters,ACTOR,7569094366
11476,ET0803715,Michael Palin,Various Characters,ACTOR,7569094366
16383,ET0803715,Ian MacNaughton,,DIRECTOR,7569094366
530826,ET0803716,Mahmoud el-Meliguy,Madbouli,ACTOR,7569094367
557940,ET0803716,Hoda Soltan,,ACTOR,7569094367
225934,ET0803716,Shukri Sarhan,Tolba,ACTOR,7569094367
534050,ET0803716,Soheir El-Morshidy,Fatma,ACTOR,7569094367
391527,ET0803716,Hesham Selim,Ibrahim,ACTOR,7569094367
744938,ET0803716,Majida El Roumi,Tafida,ACTOR,7569094367
676484,ET0803716,Ali El Sherif,,ACTOR,7569094367
1095845,ET0803716,Rajaa Hussain,,ACTOR,7569094367
524174,ET0803716,Sid Ali Kouiret,,ACTOR,7569094367
744936,ET0803716,Ali Mahrez,,ACTOR,7569094367
323651,ET0803716,Ahmad Bedir,,ACTOR,7569094367
173191,ET0803716,Youssef Chahine,,DIRECTOR,7569094367
173252,ET0803717,Shammi Kapoor,Prince Shamsher Singh,ACTOR,7569094368
222541,ET0803717,Vyjayanthimala,Princess Amrita,ACTOR,7569094368
68721,ET0803717,Rajendra Nath,Vilayatiram,ACTOR,7569094368
105226,ET0803717,Helen,Sophia,ACTOR,7569094368
434351,ET0803717,Parveen Choudhary,Ratna,ACTOR,7569094368
216443,ET0803717,Ajit Khan,,ACTOR,7569094368
524312,ET0803717,D.K. Sapru,,ACTOR,7569094368
503473,ET0803717,Leela Mishra,,ACTOR,7569094368
509942,ET0803717,David Abraham Cheulkar,,ACTOR,7569094368
66223,ET0803717,Asit Sen,,ACTOR,7569094368
545057,ET0803717,Rashid Khan,,ACTOR,7569094368
68723,ET0803717,Sunder,,ACTOR,7569094368
128207,ET0803717,Sudhir,,ACTOR,7569094368
515741,ET0803717,Leela Chitnis,Mrs. Shanti Singh,ACTOR,7569094368
144388,ET0803717,Lekh Tandon,,DIRECTOR,7569094368
414437,ET0803718,Fouad El-Mohandes,Doctor Raefat,ACTOR,7569094369
511223,ET0803718,Sanaa Younes,Fawziya,ACTOR,7569094369
452581,ET0803718,Sherihan,Sousou,ACTOR,7569094369
511225,ET0803718,Ijlal Zaki,Nadya,ACTOR,7569094369
511226,ET0803718,Mohamad Abou El-Hassan,Hanafy,ACTOR,7569094369
139800,ET0803718,Ahmed Rateb,Sameh,ACTOR,7569094369
509528,ET0803718,Zakariya Mowafi,Karem,ACTOR,7569094369
186965,ET0803718,Ali Ragab,,ACTOR,7569094369
511229,ET0803718,Mohsen Mohy Eldin,Mohssen,ACTOR,7569094369
471625,ET0803718,Badr Noufal,Mr. Fath El Bab,ACTOR,7569094369
1285693,ET0803718,Mohsen Mohie Eldein,Mohsen,ACTOR,7569094369
414437,ET0803718,Fouad El-Mohandes,,DIRECTOR,7569094369
724969,ET0803719,Adel Emam,سرحان عبدالبصير,ACTOR,7569094370
471620,ET0803719,Omar El-Hariri,المُقدم أحمد عبدالسلام,ACTOR,7569094370
223454,ET0803719,Nazim Sharawy,القاضي,ACTOR,7569094370
331313,ET0803719,Shawqy Shamekh,مخرج برنامج هيا بنا نلعب,ACTOR,7569094370
521184,ET0803719,Nahed Jabr,مديحة,ACTOR,7569094370
189443,ET0803719,Hala Fakher,,ACTOR,7569094370
795386,ET0803719,Badr Nofal,المحامي خليفة خلف الله,ACTOR,7569094370
172514,ET0803719,Said Tarabeek,قاسم وكيل النيابة,ACTOR,7569094370
1320916,ET0803719,Samir Wali Al-Din,الشاويش حسين,ACTOR,7569094370
1528491,ET0803719,Mohamed Fadel,,DIRECTOR,7569094370
521185,ET0803719,Hani Motawea,,DIRECTOR,7569094370
724969,ET0803720,Adel Emam,بهجت الأباصيري,ACTOR,7569094371
223448,ET0803720,Saeed Saleh,مرسي الزناتي,ACTOR,7569094371
223449,ET0803720,Ahmad Zaki,أحمد,ACTOR,7569094371
223450,ET0803720,Younes Shalaby,منصور عبدالمعطي,ACTOR,7569094371
223451,ET0803720,Hadi El Gayar,لطفي,ACTOR,7569094371
223452,ET0803720,Soheir El-Bably,عفت عبدالكريم,ACTOR,7569094371
198741,ET0803720,Hassan Mostafa,عبدالمعطي,ACTOR,7569094371
223453,ET0803720,Abdallah Farghaly,علام الملواني,ACTOR,7569094371
223454,ET0803720,Nazim Sharawy,الأباصيري بيه,ACTOR,7569094371
223457,ET0803720,جلال الشرقاوي,,DIRECTOR,7569094371
223458,ET0803720,عبدالله الشيخ,,DIRECTOR,7569094371
223456,ET0803720,Hossam El Din Mostafa,,DIRECTOR,7569094371
173252,ET0803721,Shammi Kapoor,Dhoop Chhaon,ACTOR,7569094372
66215,ET0803721,Sanjeev Kumar,Constable Ratan Sheru,ACTOR,7569094372
105220,ET0803721,Zeenat Aman,Nisha,ACTOR,7569094372
524848,ET0803721,Dev Kumar,Balram,ACTOR,7569094372
524849,ET0803721,Faryal,Lolita,ACTOR,7569094372
173252,ET0803721,Shammi Kapoor,,DIRECTOR,7569094372
216804,ET0803722,Ezzat El Alaili,,ACTOR,7569094373
592619,ET0803722,Mireille Maalouf,,ACTOR,7569094373
339953,ET0803722,Joseph Bou Nassar,,ACTOR,7569094373
943833,ET0803722,Philippe Akiki,,ACTOR,7569094373
943835,ET0803722,Ahmed Al Zain,,ACTOR,7569094373
479396,ET0803722,Maroun Bagdadi,,DIRECTOR,7569094373
479396,ET0803723,Maroun Bagdadi,,DIRECTOR,7569094374
479396,ET0803724,Maroun Bagdadi,,DIRECTOR,7569094375
64409,ET0803725,Raaj Kumar,,ACTOR,7569094376
134657,ET0803725,Hema Malini,,ACTOR,7569094376
64567,ET0803725,Rakhee Gulzar,,ACTOR,7569094376
150754,ET0803725,Vinod Mehra,,ACTOR,7569094376
104310,ET0803725,Paintal,,ACTOR,7569094376
66223,ET0803725,Asit Sen,,ACTOR,7569094376
222318,ET0803725,Dulari,,ACTOR,7569094376
503473,ET0803725,Leela Mishra,,ACTOR,7569094376
772100,ET0803725,Sadhana Khote,,ACTOR,7569094376
105223,ET0803725,Satyendra Kapoor,,ACTOR,7569094376
524312,ET0803725,D.K. Sapru,,ACTOR,7569094376
460070,ET0803725,Padma Khanna,,ACTOR,7569094376
218950,ET0803726,Mala Sinha,Chabeli,ACTOR,7569094377
173252,ET0803726,Shammi Kapoor,Ramu,ACTOR,7569094377
64409,ET0803726,Raaj Kumar,Kalu,ACTOR,7569094377
515741,ET0803726,Leela Chitnis,Ramus Mother,ACTOR,7569094377
64411,ET0803726,Kumkum,Kammo,ACTOR,7569094377
434350,ET0803726,Dhumal,Bhulo,ACTOR,7569094377
216444,ET0803726,Tun Tun,,ACTOR,7569094377
64529,ET0803726,Asrani,,ACTOR,7569094377
1945610,ET0803726,Suresh,,ACTOR,7569094377
63665,ET0803727,Dharmendra,Ali Baba,ACTOR,7569094378
134657,ET0803727,Hema Malini,Morjina,ACTOR,7569094378
105220,ET0803727,Zeenat Aman,Fatima,ACTOR,7569094378
57763,ET0803727,Prem Chopra,Shamsher,ACTOR,7569094378
514364,ET0803727,Zakir Mukhamedzhanov,,ACTOR,7569094378
223525,ET0803727,Sofiko Chiaureli,,ACTOR,7569094378
221086,ET0803727,Yelena Sanayeva,,ACTOR,7569094378
358575,ET0803727,Frunzik Mkrtchyan,,ACTOR,7569094378
219025,ET0803727,Maya-Gozel Aimedova,episode (uncredited),ACTOR,7569094378
434193,ET0803727,Umesh Mehra,,DIRECTOR,7569094378
514365,ET0803727,Latif Faiziyev,,DIRECTOR,7569094378
173252,ET0803728,Shammi Kapoor,Professor Pritam Khanna,ACTOR,7569094379
298411,ET0803728,Kalpana Mohan,Neena Verma,ACTOR,7569094379
66224,ET0803728,Lalita Pawar,Sita Devi Verma,ACTOR,7569094379
434351,ET0803728,Parveen Choudhary,,ACTOR,7569094379
216444,ET0803728,Tun Tun,,ACTOR,7569094379
68725,ET0803728,Iftekhar,,ACTOR,7569094379
529417,ET0803728,Pratima Devi,,ACTOR,7569094379
144388,ET0803728,Lekh Tandon,,DIRECTOR,7569094379
522301,ET0803729,A. Salaam,,DIRECTOR,7569094380
518321,ET0803730,Uttam Kumar,,ACTOR,7569094381
522302,ET0803730,Sulakshana Pandit,,ACTOR,7569094381
132302,ET0803730,Utpal Dutt,,ACTOR,7569094381
906104,ET0803730,Alo Sarkar,,DIRECTOR,7569094381
867952,ET0803731,Mahendra Sandhu,,ACTOR,7569094382
20201,ET0803731,Danny Denzongpa,,ACTOR,7569094382
69039,ET0803731,Jagdeep,,ACTOR,7569094382
524849,ET0803731,Faryal,,ACTOR,7569094382
460070,ET0803731,Padma Khanna,,ACTOR,7569094382
66223,ET0803731,Asit Sen,Julies father,ACTOR,7569094382
618228,ET0803731,Karan Dewan,,ACTOR,7569094382
222315,ET0803731,Agha,,ACTOR,7569094382
497329,ET0803731,Murad,,ACTOR,7569094382
727227,ET0803731,Sabina,,ACTOR,7569094382
549933,ET0803731,Mohammed Hussain,,DIRECTOR,7569094382
3535,XU4740831,Tom Cruise,Lt. Pete Maverick Mitchell,ACTOR,3626844994
30817,XU4740831,Kelly McGillis,Charlotte Charlie Blackwood,ACTOR,3626844994
12017,XU4740831,Val Kilmer,Lt. Tom Iceman Kazanski,ACTOR,3626844994
12021,XU4740831,Anthony Edwards,Lt. Nick Goose Bradshaw,ACTOR,3626844994
14659,XU4740831,Tom Skerritt,Cdr. Mike Viper Metcalf,ACTOR,3626844994
11225,XU4740831,Michael Ironside,Lt. Cdr. Heatherly Jester,ACTOR,3626844994
11098,XU4740831,John Stockwell,Cougar,ACTOR,3626844994
38473,XU4740831,Barry Tubb,Wolfman,ACTOR,3626844994
50852,XU4740831,Rick Rossovich,Slider,ACTOR,3626844994
2967,XU4740831,Tim Robbins,Merlin,ACTOR,3626844994
20759,XU4740831,Meg Ryan,Carole Bradshaw,ACTOR,3626844994
30881,XU4740831,Whip Hubley,Hollywood,ACTOR,3626844994
11548,XU4740831,Adrian Pasdar,Chipper,ACTOR,3626844994
8312,XU4740831,James Tolkan,Stinger,ACTOR,3626844994
4355,XU4740831,Clarence Gilyard Jr.,Evan Gough Sundown,ACTOR,3626844994
571254,XU4740831,Randall Brady,Lieutenant Davis,ACTOR,3626844994
51314,XU4740831,Duke Stroud,Air Boss Johnson,ACTOR,3626844994
1287819,XU4740831,Ron Clark,Inquiry Commander,ACTOR,3626844994
6948,XU4740831,Frank Pesce,Bartender,ACTOR,3626844994
1918544,XU4740831,Pete Pettigrew,Perry Siedenthal,ACTOR,3626844994
1918392,XU4740831,Troy Hunter,Radio Operator,ACTOR,3626844994
1918142,XU4740831,T.J. Cassidy,T.J. Cassidy,ACTOR,3626844994
5005,XU4740831,Tony Scott,,DIRECTOR,3626844994
32954,ET0803733,Jerry Seinfeld,Jerry Seinfeld,ACTOR,7569094384
12464,ET0803733,Jason Alexander,George Costanza,ACTOR,7569094384
43320,ET0803733,Michael Richards,Cosmo Kramer,ACTOR,7569094384
12018,ET0803733,Julia Louis-Dreyfus,Elaine Benes,ACTOR,7569094384
7522,ET0803734,Wil Wheaton,Gordie Lachance,ACTOR,7569094385
6837,ET0803734,River Phoenix,Chris Chambers,ACTOR,7569094385
16808,ET0803734,Corey Feldman,Teddy Duchamp,ACTOR,7569094385
913,ET0803734,Jerry OConnell,Vern Tessio,ACTOR,7569094385
14887,ET0803734,Kiefer Sutherland,Ace Merrill,ACTOR,7569094385
8314,ET0803734,Casey Siemaszko,Billy Tessio,ACTOR,7569094385
61054,ET0803734,Gary Riley,Charlie Hogan,ACTOR,7569094385
6846,ET0803734,Bradley Gregg,Eyeball Chambers,ACTOR,7569094385
478245,ET0803734,Jason Oliver,Vince Desjardins,ACTOR,7569094385
32782,ET0803734,Marshall Bell,Mr. Lachance,ACTOR,7569094385
7252,ET0803734,Frances Lee McCain,Mrs. Lachance,ACTOR,7569094385
38142,ET0803734,Bruce Kirby,Mr. Quidacioluo,ACTOR,7569094385
45745,ET0803734,William Bronder,Milo Pressman,ACTOR,7569094385
2036,ET0803734,Scott Beach,Mayor Grundy,ACTOR,7569094385
4021,ET0803734,Richard Dreyfuss,The Writer,ACTOR,7569094385
12474,ET0803734,John Cusack,Denny Lachance,ACTOR,7569094385
819150,ET0803734,Madeleine Swift,Waitress,ACTOR,7569094385
819148,ET0803734,Popeye,Chopper,ACTOR,7569094385
819151,ET0803734,Geanette Bobst,Mayors Wife,ACTOR,7569094385
435231,ET0803734,Art Burke,Principal Wiggins,ACTOR,7569094385
819152,ET0803734,Matt Williams,Bob Cormier,ACTOR,7569094385
819153,ET0803734,Andy Lindberg,Lardass Hogan,ACTOR,7569094385
28823,ET0803734,Dick Durock,Bill Travis,ACTOR,7569094385
841663,ET0803734,O.B. Babbs,Lardass Heckler #1,ACTOR,7569094385
819082,ET0803734,Charlie Owens,Lardass Heckler #2,ACTOR,7569094385
819083,ET0803734,Kenneth Hodges,Donelley Twin,ACTOR,7569094385
819084,ET0803734,John Hodges,Donelley Twin,ACTOR,7569094385
819085,ET0803734,Susan Thorpe,Fat Lady,ACTOR,7569094385
717381,ET0803734,Korey Scott Pollard,Moke,ACTOR,7569094385
819088,ET0803734,Rick Elliott,Jack Mudgett,ACTOR,7569094385
819086,ET0803734,Kent W. Luttrell,Ray Brower,ACTOR,7569094385
467202,ET0803734,Chance Quinn,Gordons Son,ACTOR,7569094385
233903,ET0803734,Jason Naylor,Gordons Sons Friend,ACTOR,7569094385
224,ET0803734,Rob Reiner,,DIRECTOR,7569094385
3748,ET0803735,Robert De Niro,David Noodles Aaronson,ACTOR,7569094386
12171,ET0803735,James Woods,Maximilian Max Bercovicz,ACTOR,7569094386
6756,ET0803735,Elizabeth McGovern,Deborah Gelly,ACTOR,7569094386
9438,ET0803735,Joe Pesci,Frankie Monaldi,ACTOR,7569094386
68563,ET0803735,Tuesday Weld,Carol,ACTOR,7569094386
7749,ET0803735,Burt Young,Joe,ACTOR,7569094386
16204,ET0803735,Treat Williams,James Conway ODonnell,ACTOR,7569094386
28073,ET0803735,Danny Aiello,Police Chief Vincent Aiello,ACTOR,7569094386
14853,ET0803735,Richard Bright,Chicken Joe,ACTOR,7569094386
80999,ET0803735,James Hayden,Patrick Patsy Goldberg,ACTOR,7569094386
24555,ET0803735,William Forsythe,Philip Cockeye Stein,ACTOR,7569094386
30008,ET0803735,Darlanne Fluegel,Eve,ACTOR,7569094386
81000,ET0803735,Larry Rapp,Fat Moe Gelly,ACTOR,7569094386
27089,ET0803735,Olga Karlatos,Woman in the Puppet Theatre,ACTOR,7569094386
81005,ET0803735,Frank Gio,Beefy,ACTOR,7569094386
1575,ET0803735,Jennifer Connelly,Young Deborah,ACTOR,7569094386
81001,ET0803735,Scott Schutzman Tiler,Young Noodles,ACTOR,7569094386
60657,ET0803735,Rusty Jacobs,Young Max or David Bailey,ACTOR,7569094386
22241,ET0803735,Brian Bloom,Young Patsy,ACTOR,7569094386
81004,ET0803735,Mike Monetti,Young Fat Moe Gelly,ACTOR,7569094386
81002,ET0803735,Adrian Curran,Young Cockeye,ACTOR,7569094386
712557,ET0803735,Julie Cohen,Young Peggy,ACTOR,7569094386
81003,ET0803735,Noah Moazezi,Dominic,ACTOR,7569094386
5750,ET0803735,James Russo,Bugsy,ACTOR,7569094386
9470,ET0803735,Clem Caserta,Al Capuano,ACTOR,7569094386
81007,ET0803735,Frank Sisto,Fred Capuano,ACTOR,7569094386
30012,ET0803735,Jerry Strivelli,Johnny Capuano,ACTOR,7569094386
81008,ET0803735,Mike Gendel,Irving Gold,ACTOR,7569094386
81009,ET0803735,Sandra Solberg,Friend of Young Deborah,ACTOR,7569094386
81006,ET0803735,Margherita Pace,Young Deborah (Double),ACTOR,7569094386
5684,ET0803735,Paul Herman,Monkey,ACTOR,7569094386
111590,ET0803735,Bruno Iannone,Thug,ACTOR,7569094386
61606,ET0803735,Bruno Bilotta,Chinese Theater Spectator (uncredited),ACTOR,7569094386
29073,ET0803735,Ray Dittrich,Trigger,ACTOR,7569094386
11550,ET0803735,Richard Foronjy,Officer Whitey,ACTOR,7569094386
20581,ET0803735,Mario Brega,Mandy,ACTOR,7569094386
752070,ET0803735,Angelo Florio,Willie the Ape,ACTOR,7569094386
5940,ET0803735,Marcia Jean Kurtz,Maxs Mother,ACTOR,7569094386
821438,ET0803735,Gerard Murphy,Crowning,ACTOR,7569094386
112286,ET0803735,Dutch Miller,Van Linden,ACTOR,7569094386
17817,ET0803735,Robert Harper,Sharkey,ACTOR,7569094386
302112,ET0803735,Amy Ryder,Peggy,ACTOR,7569094386
476911,ET0803735,Karen Shallo,Mrs. Aiello,ACTOR,7569094386
1341561,ET0803735,Frankie Caserta,Bugsys Gang,ACTOR,7569094386
1341749,ET0803735,Joey Marzella,Bugsys Gang,ACTOR,7569094386
298686,ET0803735,Marvin Scott,Interviewer,ACTOR,7569094386
1341620,ET0803735,Ann Neville,Girl in Coffin,ACTOR,7569094386
551078,ET0803735,Joey Faye,Adorable Old Man,ACTOR,7569094386
1341629,ET0803735,Linda Ipanema,Nurse Thompson,ACTOR,7569094386
116852,ET0803735,Tandy Cronyn,Reporter 1,ACTOR,7569094386
469888,ET0803735,Richard Zobel,Reporter 2,ACTOR,7569094386
17146,ET0803735,Baxter Harris,Reporter 3,ACTOR,7569094386
1594,ET0803735,Arnon Milchan,Chauffeur,ACTOR,7569094386
1341752,ET0803735,Marty Licata,Cemetery Caretaker,ACTOR,7569094386
6642,ET0803735,Estelle Harris,Peggys Mother,ACTOR,7569094386
1341618,ET0803735,Gerritt Debeer,Drunk,ACTOR,7569094386
1030723,ET0803735,Alexander Godfrey,Newstand Man,ACTOR,7569094386
1419294,ET0803735,Cliff Cudney,Mounted Policeman,ACTOR,7569094386
1341539,ET0803735,Paul Farentino,2nd Mounted Policeman,ACTOR,7569094386
924004,ET0803735,Bruce Bahrenburg,Sgt. P. Halloran,ACTOR,7569094386
1341479,ET0803735,Mort Freeman,Street Singer,ACTOR,7569094386
1341416,ET0803735,Massimo Liti,Young Macrò,ACTOR,7569094386
1341637,ET0803735,Jay Zeely,Foreman,ACTOR,7569094386
47416,ET0803735,Salvatore Billa,One of Beefys Thugs (uncredited),ACTOR,7569094386
1341643,ET0803735,Greg Anthony,Bar Room Patron (uncredited),ACTOR,7569094386
94114,ET0803735,Scott Coffey,Bugsys Gang (uncredited),ACTOR,7569094386
1341529,ET0803735,Matteo Cafiso,Boy in Park (uncredited),ACTOR,7569094386
1341460,ET0803735,Nunzio Giuliani,Speakeasy Drum Player (uncredited),ACTOR,7569094386
1341491,ET0803735,Nelson Camp,Newspaper Salesman (uncredited),ACTOR,7569094386
1341417,ET0803735,Dario Iori,Speakeasy Banjo Player (uncredited),ACTOR,7569094386
1341484,ET0803735,Ole Jorgensen,Speakeasy Percussionist (uncredited),ACTOR,7569094386
434738,ET0803735,Francesca Leone,David Baileys Girlfriend (uncredited),ACTOR,7569094386
1341412,ET0803735,Chuck Low,Deborah Gellys Father (uncredited),ACTOR,7569094386
469679,ET0803735,Ron Nummi,Waiter (uncredited),ACTOR,7569094386
1341712,ET0803735,Ryan Paris,Speakeasy Patron (uncredited),ACTOR,7569094386
1341601,ET0803735,Nicola Roberto,Speakeasy Trumpet Player (uncredited),ACTOR,7569094386
543125,ET0803735,Gianni Sanjust,Speakeasy Clarinet Player (uncredited),ACTOR,7569094386
488781,ET0803735,Alex Serra,Speakeasy Vocalist (uncredited),ACTOR,7569094386
551439,ET0803735,Susan Spafford,Nurse (uncredited),ACTOR,7569094386
120119,ET0803735,Mark Frazer,Pimp (uncredited),ACTOR,7569094386
506691,ET0803735,Maria Pia Monicelli,Prostitute (uncredited),ACTOR,7569094386
7205,ET0803735,Louise Fletcher,Riverdale Cemetery Director (uncredited),ACTOR,7569094386
37242,ET0803735,Sergio Leone,,DIRECTOR,7569094386
5455,ET0803736,Billy Crystal,Harry Burns,ACTOR,7569094387
20759,ET0803736,Meg Ryan,Sally Albright,ACTOR,7569094387
1990,ET0803736,Carrie Fisher,Marie,ACTOR,7569094387
10428,ET0803736,Bruno Kirby,Jess,ACTOR,7569094387
20760,ET0803736,Steven Ford,Joe,ACTOR,7569094387
20761,ET0803736,Lisa Jane Persky,Alice,ACTOR,7569094387
20762,ET0803736,Michelle Nicastro,Amanda,ACTOR,7569094387
20763,ET0803736,Gretchen Palmer,Stewardess,ACTOR,7569094387
20764,ET0803736,Robert Alan Beuth,Man on Aisle,ACTOR,7569094387
20765,ET0803736,David Burdick,9 Year Old Boy,ACTOR,7569094387
20766,ET0803736,Joe Viviani,Judge,ACTOR,7569094387
193,ET0803736,Harley Jane Kozak,Helen,ACTOR,7569094387
20767,ET0803736,Joseph Hunt,Waiter at Wedding,ACTOR,7569094387
20768,ET0803736,Kevin Rooney,Ira,ACTOR,7569094387
20769,ET0803736,Franc Luz,Julian,ACTOR,7569094387
4372,ET0803736,Tracy Reiner,Emily,ACTOR,7569094387
28497,ET0803736,Kyle T. Heffner,Gary,ACTOR,7569094387
1379831,ET0803736,Kimberley LaMarque,Waitress,ACTOR,7569094387
1542517,ET0803736,Stacey Katzin,Hostess,ACTOR,7569094387
511536,ET0803736,Estelle Reiner,Older Woman Customer,ACTOR,7569094387
1426149,ET0803736,John Arceri,Christmas Tree Salesman,ACTOR,7569094387
14912,ET0803736,Connie Sawyer,Documentary Couple,ACTOR,7569094387
1542521,ET0803736,Kuno Sponholz,Documentary Couple,ACTOR,7569094387
64874,ET0803736,Katherine Squire,Documentary Couple,ACTOR,7569094387
527062,ET0803736,Frances Chaney,Documentary Couple,ACTOR,7569094387
1685004,ET0803736,Bernie Hern,Documentary Couple,ACTOR,7569094387
1542527,ET0803736,Rose Wright,Documentary Couple,ACTOR,7569094387
1542221,ET0803736,Aldo Rossi,Documentary Couple,ACTOR,7569094387
10953,ET0803736,Dona Hardy,Documentary Couple,ACTOR,7569094387
482193,ET0803736,Peter Pan,Documentary Couple,ACTOR,7569094387
449834,ET0803736,Jane Chung,Documentary Couple,ACTOR,7569094387
441178,ET0803736,Bob Ader,Tap Dancer (uncredited),ACTOR,7569094387
753907,ET0803736,Jeff Dlugolecki,College Student (uncredited),ACTOR,7569094387
190530,ET0803736,Nicholas Glaeser,Waiter (uncredited),ACTOR,7569094387
1180233,ET0803736,Randy James,Diner Patron (uncredited),ACTOR,7569094387
1039530,ET0803736,Stanley Moore,Truck Driver (uncredited),ACTOR,7569094387
41501,ET0803736,Larry Sherman,Dinner (uncredited),ACTOR,7569094387
810433,ET0803736,Marilyn Spanier,Tap Dancer (uncredited),ACTOR,7569094387
44401,ET0803736,John Speredakos,New Years Partygoer (uncredited),ACTOR,7569094387
1060145,ET0803736,Terry Vaughan,Giants Fan (uncredited),ACTOR,7569094387
7139,ET0803736,Anthony Welch,Restaurant Patron (uncredited),ACTOR,7569094387
224,ET0803736,Rob Reiner,,DIRECTOR,7569094387
12317,BQ7445619,Judith Hoag,April ONeal,ACTOR,8526808354
3293,BQ7445619,Elias Koteas,Casey Jones,ACTOR,8526808354
26077,BQ7445619,Josh Pais,Raphael (voice) or Passenger In Cab,ACTOR,8526808354
57900,BQ7445619,David Forman,Leonardo or Gang Member,ACTOR,8526808354
57137,BQ7445619,Brian Tochi,Leonardo (Voice),ACTOR,8526808354
205549,BQ7445619,Leif Tilden,Donatello or Foot Messenger,ACTOR,8526808354
16808,BQ7445619,Corey Feldman,Donatello (Voice),ACTOR,8526808354
170015,BQ7445619,Michelan Sisti,Michaelangelo or Pizza Man,ACTOR,8526808354
29485,BQ7445619,Robbie Rist,Michaelangelo (Voice),ACTOR,8526808354
45486,BQ7445619,Kevin Clash,Splinter (Voice),ACTOR,8526808354
4053,BQ7445619,James Saito,The Shredder or Oroko Saki,ACTOR,8526808354
38983,BQ7445619,David McCharen,The Shredder or Oroku Saki (voice),ACTOR,8526808354
37021,BQ7445619,Toshishiro Obata,Tatsu,ACTOR,8526808354
26704,BQ7445619,Michael McConnohie,Tatsu (voice),ACTOR,8526808354
183605,BQ7445619,Michael Turney,Danny Pennington,ACTOR,8526808354
3840,BQ7445619,Jay Patterson,Charles Pennington,ACTOR,8526808354
26893,BQ7445619,Raymond Serra,Chief Sterns,ACTOR,8526808354
7156,BQ7445619,Sam Rockwell,Head Thug,ACTOR,8526808354
637407,BQ7445619,Kenn Scott,Talkative Foot #2 (as Kenn Troum),ACTOR,8526808354
148004,BQ7445619,Kevin Eastman,Citizen (uncredited),ACTOR,8526808354
43260,BQ7445619,Skeet Ulrich,Thug (uncredited),ACTOR,8526808354
41524,BQ7445619,Scott Wolf,Thug (uncredited),ACTOR,8526808354
43323,BQ7445619,Steve Barron,,DIRECTOR,8526808354
11091,ET0803738,Matthew Modine,Pvt. Joker,ACTOR,7569094389
4704,ET0803738,Adam Baldwin,Animal Mother,ACTOR,7569094389
6432,ET0803738,Vincent DOnofrio,Pvt. Pyle,ACTOR,7569094389
6647,ET0803738,R. Lee Ermey,Gny. Sgt. Hartman,ACTOR,7569094389
32851,ET0803738,Dorian Harewood,Eightball,ACTOR,7569094389
17675,ET0803738,Arliss Howard,Pvt. Cowboy,ACTOR,7569094389
24205,ET0803738,Kevyn Major Howard,Rafterman,ACTOR,7569094389
1314,ET0803738,Ed ORoss,Lt. Touchdown,ACTOR,7569094389
62513,ET0803738,John Terry,Lt. Lockhart,ACTOR,7569094389
11655,ET0803738,Bruce Boa,Poge Colonel,ACTOR,7569094389
205944,ET0803738,Kieron Jecchinis,Crazy Earl,ACTOR,7569094389
28624,ET0803738,Jon Stafford,Doc Jay,ACTOR,7569094389
126879,ET0803738,Tim Colceri,Doorgunner,ACTOR,7569094389
90057,ET0803738,Peter Edmund,Snowball,ACTOR,7569094389
32191,ET0803738,Kirk Taylor,Payback,ACTOR,7569094389
50869,ET0803738,Ian Tyler,Lt. Cleves,ACTOR,7569094389
207528,ET0803738,Gary Landon Mills,Donlon,ACTOR,7569094389
112301,ET0803738,Sal Lopez,T.H.E. Rock,ACTOR,7569094389
11743,ET0803738,Papillon Soo,Da Nang Hooker,ACTOR,7569094389
207531,ET0803738,Ngoc Le,VC Sniper,ACTOR,7569094389
207535,ET0803738,Tan Hung Francione,ARVN Pimp,ACTOR,7569094389
182569,ET0803738,Marcus DAmico,Hand Job,ACTOR,7569094389
207536,ET0803738,Costas Dino Chimona,Chili,ACTOR,7569094389
207532,ET0803738,Keith Hodiak,Daddy D.A.,ACTOR,7569094389
207533,ET0803738,Peter Merrill,TV Journalist,ACTOR,7569094389
598789,ET0803738,Herbert Norville,Daytona Dave,ACTOR,7569094389
479173,ET0803738,Gil Kopel,Stork,ACTOR,7569094389
207529,ET0803738,Philip Bailey,Parris Island Recruit and Vietnam Platoon,ACTOR,7569094389
1876841,ET0803738,Robert E. Hartenberger,Parris Island Recruit and Vietnam Platoon,ACTOR,7569094389
44991,ET0803738,Steve Hudson,Parris Island Recruit and Vietnam Platoon,ACTOR,7569094389
207530,ET0803738,John Curtis,Parris Island Recruit and Vietnam Platoon,ACTOR,7569094389
93627,ET0803738,Chris Maybach,Parris Island Recruit and Vietnam Platoon,ACTOR,7569094389
207363,ET0803738,Gary Smith,Parris Island Recruit and Vietnam Platoon,ACTOR,7569094389
207364,ET0803738,Michael Anthony Williams,Parris Island Recruit and Vietnam Platoon,ACTOR,7569094389
207365,ET0803738,John Wilson,Parris Island Recruit and Vietnam Platoon,ACTOR,7569094389
784634,ET0803738,Tony Carey,Parris Island Recruit and Vietnam Platoon,ACTOR,7569094389
207366,ET0803738,Vivian Kubrick,News Camera Operator at Mass Grave (uncredited),ACTOR,7569094389
21108,ET0803738,Stanley Kubrick,Murphy (voice) (uncredited),ACTOR,7569094389
46486,ET0803738,David Palffy,Mass Grave Soldier (uncredited),ACTOR,7569094389
207367,ET0803738,John Ward,TV Camera Operator (uncredited),ACTOR,7569094389
1787928,ET0803738,David George,Parris Island Recruit and Vietnam Platoon,ACTOR,7569094389
21108,ET0803738,Stanley Kubrick,,DIRECTOR,7569094389
19492,ET0803739,Keith Gordon,Arnie Cunningham,ACTOR,7569094390
11098,ET0803739,John Stockwell,Dennis Guilder,ACTOR,7569094390
65605,ET0803739,Alexandra Paul,Leigh Cabot,ACTOR,7569094390
7650,ET0803739,Robert Prosky,Will Darnell,ACTOR,7569094390
7912,ET0803739,Harry Dean Stanton,Rudolph Junkins,ACTOR,7569094390
91964,ET0803739,Christine Belford,Regina Cunningham,ACTOR,7569094390
12079,ET0803739,Roberts Blossom,George LeBay,ACTOR,7569094390
91965,ET0803739,William Ostrander,Buddy Repperton,ACTOR,7569094390
91966,ET0803739,David Spielberg,Mr. Casey,ACTOR,7569094390
589836,ET0803739,Malcolm Danare,Moochie Welch,ACTOR,7569094390
8415,ET0803739,Steven Tash,Richard Trelawney,ACTOR,7569094390
36356,ET0803739,Stuart Charno,Don Vandenberg,ACTOR,7569094390
12407,ET0803739,Kelly Preston,Roseanne,ACTOR,7569094390
